FILENAME,SAMPLINGRATE,BIT,DURATION,CHANNELS,INDEX,MAX_FREQ,DB_THRESHOLD,FREQ_STEPS,LEFT_CHANNEL,RIGHT_CHANNEL
HART2_20150618_050800.wav,44100,16,300,1,acoustic_diversity,10000,-45,500,2.909532,NA 
HART2_20150618_051800.wav,44100,16,300,1,acoustic_diversity,10000,-45,500,2.906578,NA 
HART2_20150618_052800.wav,44100,16,300,1,acoustic_diversity,10000,-45,500,2.310242,NA 
HART2_20150618_053800.wav,44100,16,300,1,acoustic_diversity,10000,-45,500,2.066043,NA 
HART2_20150618_054800.wav,44100,16,300,1,acoustic_diversity,10000,-45,500,2.903809,NA 
HART2_20150618_055800.wav,44100,16,300,1,acoustic_diversity,10000,-45,500,2.896493,NA 
HART2_20150618_071800.wav,44100,16,300,1,acoustic_diversity,10000,-45,500,2.917185,NA 
HART2_20150618_072800.wav,44100,16,300,1,acoustic_diversity,10000,-45,500,2.917299,NA 
HART2_20150618_073800.wav,44100,16,300,1,acoustic_diversity,10000,-45,500,2.91102,NA 
HART2_20150618_074800.wav,44100,16,300,1,acoustic_diversity,10000,-45,500,2.898698,NA 
HART2_20150618_085800.wav,44100,16,300,1,acoustic_diversity,10000,-45,500,2.911476,NA 
HART2_20150618_090800.wav,44100,16,300,1,acoustic_diversity,10000,-45,500,2.914379,NA 
HART2_20150618_092800.wav,44100,16,300,1,acoustic_diversity,10000,-45,500,2.915643,NA 
HART2_20150618_093800.wav,44100,16,300,1,acoustic_diversity,10000,-45,500,2.914162,NA 
HART2_20150618_095800.wav,44100,16,300,1,acoustic_diversity,10000,-45,500,2.870622,NA 
HART2_20150618_100800.wav,44100,16,300,1,acoustic_diversity,10000,-45,500,2.911468,NA 
HART2_20150618_101800.wav,44100,16,300,1,acoustic_diversity,10000,-45,500,2.58332,NA 
HART2_20150618_105800.wav,44100,16,300,1,acoustic_diversity,10000,-45,500,2.701993,NA 
HART2_20150618_123800.wav,44100,16,300,1,acoustic_diversity,10000,-45,500,2.066875,NA 
HART2_20150618_134800.wav,44100,16,300,1,acoustic_diversity,10000,-45,500,2.899063,NA 
HART2_20150618_140800.wav,44100,16,300,1,acoustic_diversity,10000,-45,500,2.913838,NA 
HART2_20150618_141800.wav,44100,16,300,1,acoustic_diversity,10000,-45,500,2.913954,NA 
HART2_20150618_143800.wav,44100,16,300,1,acoustic_diversity,10000,-45,500,2.909398,NA 
HART2_20150618_144800.wav,44100,16,300,1,acoustic_diversity,10000,-45,500,2.9027,NA 
HART2_20150619_102800.wav,44100,16,300,1,acoustic_diversity,10000,-45,500,2.912673,NA 
HART2_20150619_103800.wav,44100,16,300,1,acoustic_diversity,10000,-45,500,2.831171,NA 
HART2_20150619_104800.wav,44100,16,300,1,acoustic_diversity,10000,-45,500,2.918691,NA 
HART2_20150619_142800.wav,44100,16,300,1,acoustic_diversity,10000,-45,500,2.558195,NA 
HART2_20150619_145800.wav,44100,16,300,1,acoustic_diversity,10000,-45,500,2.910438,NA 
HART2_20150619_162800.wav,44100,16,300,1,acoustic_diversity,10000,-45,500,2.919185,NA 
HART2_20150619_163800.wav,44100,16,300,1,acoustic_diversity,10000,-45,500,2.391637,NA 
HART2_20150619_164800.wav,44100,16,300,1,acoustic_diversity,10000,-45,500,2.900618,NA 
HART2_20150619_165800.wav,44100,16,300,1,acoustic_diversity,10000,-45,500,2.853205,NA 
HART2_20150619_220800.wav,44100,16,300,1,acoustic_diversity,10000,-45,500,2.919761,NA 
HART2_20150619_221800.wav,44100,16,300,1,acoustic_diversity,10000,-45,500,2.918451,NA 
HART2_20150619_222800.wav,44100,16,300,1,acoustic_diversity,10000,-45,500,2.918176,NA 
HART2_20150619_223800.wav,44100,16,300,1,acoustic_diversity,10000,-45,500,2.914999,NA 
HART2_20150619_224800.wav,44100,16,300,1,acoustic_diversity,10000,-45,500,2.920681,NA 
HART2_20150620_000800.wav,44100,16,300,1,acoustic_diversity,10000,-45,500,2.916362,NA 
HART2_20150620_001800.wav,44100,16,300,1,acoustic_diversity,10000,-45,500,2.919129,NA 
HART2_20150620_002800.wav,44100,16,300,1,acoustic_diversity,10000,-45,500,2.919894,NA 
HART2_20150620_003800.wav,44100,16,300,1,acoustic_diversity,10000,-45,500,2.915777,NA 
HART2_20150620_004800.wav,44100,16,300,1,acoustic_diversity,10000,-45,500,2.916942,NA 
HART2_20150620_005800.wav,44100,16,300,1,acoustic_diversity,10000,-45,500,2.91799,NA 
HART2_20150620_130800.wav,44100,16,300,1,acoustic_diversity,10000,-45,500,2.912739,NA 
HART2_20150620_131800.wav,44100,16,300,1,acoustic_diversity,10000,-45,500,1.055991,NA 
HART2_20150620_132800.wav,44100,16,300,1,acoustic_diversity,10000,-45,500,2.281946,NA 
HART2_20150620_133800.wav,44100,16,300,1,acoustic_diversity,10000,-45,500,2.203213,NA 
HART2_20150620_135800.wav,44100,16,300,1,acoustic_diversity,10000,-45,500,2.674732,NA 
HART2_20150620_190800.wav,44100,16,300,1,acoustic_diversity,10000,-45,500,2.91428,NA 
HART2_20150620_191800.wav,44100,16,300,1,acoustic_diversity,10000,-45,500,2.913238,NA 
HART2_20150620_192800.wav,44100,16,300,1,acoustic_diversity,10000,-45,500,2.912268,NA 
HART2_20150620_193800.wav,44100,16,300,1,acoustic_diversity,10000,-45,500,2.915679,NA 
HART2_20150620_194800.wav,44100,16,300,1,acoustic_diversity,10000,-45,500,2.911467,NA 
HART2_20150620_195800.wav,44100,16,300,1,acoustic_diversity,10000,-45,500,2.918719,NA 
HART2_20150621_060800.wav,44100,16,300,1,acoustic_diversity,10000,-45,500,2.333633,NA 
HART2_20150621_061800.wav,44100,16,300,1,acoustic_diversity,10000,-45,500,2.887256,NA 
HART2_20150621_062800.wav,44100,16,300,1,acoustic_diversity,10000,-45,500,2.905889,NA 
HART2_20150621_063800.wav,44100,16,300,1,acoustic_diversity,10000,-45,500,2.898295,NA 
HART2_20150621_064800.wav,44100,16,300,1,acoustic_diversity,10000,-45,500,2.897597,NA 
HART2_20150621_065800.wav,44100,16,300,1,acoustic_diversity,10000,-45,500,2.878532,NA 
HART2_20150621_094800.wav,44100,16,300,1,acoustic_diversity,10000,-45,500,1.947088,NA 
HART2_20150621_120800.wav,44100,16,300,1,acoustic_diversity,10000,-45,500,2.902101,NA 
HART2_20150621_121800.wav,44100,16,300,1,acoustic_diversity,10000,-45,500,2.609236,NA 
HART2_20150621_122800.wav,44100,16,300,1,acoustic_diversity,10000,-45,500,2.254053,NA 
HART2_20150621_124800.wav,44100,16,300,1,acoustic_diversity,10000,-45,500,2.858106,NA 
HART2_20150621_125800.wav,44100,16,300,1,acoustic_diversity,10000,-45,500,2.90005,NA 
HART2_20150621_150800.wav,44100,16,300,1,acoustic_diversity,10000,-45,500,2.901178,NA 
HART2_20150621_151800.wav,44100,16,300,1,acoustic_diversity,10000,-45,500,2.89755,NA 
HART2_20150621_152800.wav,44100,16,300,1,acoustic_diversity,10000,-45,500,2.909906,NA 
HART2_20150621_153800.wav,44100,16,300,1,acoustic_diversity,10000,-45,500,2.908132,NA 
HART2_20150621_155800.wav,44100,16,300,1,acoustic_diversity,10000,-45,500,2.911568,NA 
HART2_20150621_160800.wav,44100,16,300,1,acoustic_diversity,10000,-45,500,2.913645,NA 
HART2_20150621_161800.wav,44100,16,300,1,acoustic_diversity,10000,-45,500,2.913657,NA 
HART2_20150621_170800.wav,44100,16,300,1,acoustic_diversity,10000,-45,500,2.918811,NA 
HART2_20150621_174800.wav,44100,16,300,1,acoustic_diversity,10000,-45,500,2.912924,NA 
HART2_20150621_182800.wav,44100,16,300,1,acoustic_diversity,10000,-45,500,2.913457,NA 
HART2_20150621_183800.wav,44100,16,300,1,acoustic_diversity,10000,-45,500,2.817407,NA 
HART2_20150621_205800.wav,44100,16,300,1,acoustic_diversity,10000,-45,500,2.917905,NA 
HART2_20150621_225800.wav,44100,16,300,1,acoustic_diversity,10000,-45,500,2.908628,NA 
HART2_20150621_230800.wav,44100,16,300,1,acoustic_diversity,10000,-45,500,2.91447,NA 
HART2_20150621_231800.wav,44100,16,300,1,acoustic_diversity,10000,-45,500,2.917954,NA 
HART2_20150621_232800.wav,44100,16,300,1,acoustic_diversity,10000,-45,500,2.914064,NA 
HART2_20150621_233800.wav,44100,16,300,1,acoustic_diversity,10000,-45,500,2.913436,NA 
HART2_20150621_234800.wav,44100,16,300,1,acoustic_diversity,10000,-45,500,2.914603,NA 
HART2_20150621_235800.wav,44100,16,300,1,acoustic_diversity,10000,-45,500,2.912704,NA 
HART2_20150622_020800.wav,44100,16,300,1,acoustic_diversity,10000,-45,500,2.911554,NA 
HART2_20150622_021800.wav,44100,16,300,1,acoustic_diversity,10000,-45,500,2.912604,NA 
HART2_20150622_022800.wav,44100,16,300,1,acoustic_diversity,10000,-45,500,2.912409,NA 
HART2_20150622_023800.wav,44100,16,300,1,acoustic_diversity,10000,-45,500,2.91219,NA 
HART2_20150622_024800.wav,44100,16,300,1,acoustic_diversity,10000,-45,500,2.898819,NA 
HART2_20150622_025800.wav,44100,16,300,1,acoustic_diversity,10000,-45,500,2.898243,NA 
HART2_20150622_030800.wav,44100,16,300,1,acoustic_diversity,10000,-45,500,2.916896,NA 
HART2_20150622_075800.wav,44100,16,300,1,acoustic_diversity,10000,-45,500,2.900445,NA 
HART2_20150622_171800.wav,44100,16,300,1,acoustic_diversity,10000,-45,500,2.910073,NA 
HART2_20150622_172800.wav,44100,16,300,1,acoustic_diversity,10000,-45,500,2.915539,NA 
HART2_20150622_173800.wav,44100,16,300,1,acoustic_diversity,10000,-45,500,2.917933,NA 
HART2_20150622_175800.wav,44100,16,300,1,acoustic_diversity,10000,-45,500,2.915013,NA 
HART2_20150622_210800.wav,44100,16,300,1,acoustic_diversity,10000,-45,500,2.911176,NA 
HART2_20150622_211800.wav,44100,16,300,1,acoustic_diversity,10000,-45,500,2.914667,NA 
HART2_20150622_212800.wav,44100,16,300,1,acoustic_diversity,10000,-45,500,2.916293,NA 
HART2_20150622_213800.wav,44100,16,300,1,acoustic_diversity,10000,-45,500,2.915511,NA 
HART2_20150622_214800.wav,44100,16,300,1,acoustic_diversity,10000,-45,500,2.917759,NA 
HART2_20150622_215800.wav,44100,16,300,1,acoustic_diversity,10000,-45,500,2.914949,NA 
HART2_20150623_031800.wav,44100,16,300,1,acoustic_diversity,10000,-45,500,2.913445,NA 
HART2_20150623_032800.wav,44100,16,300,1,acoustic_diversity,10000,-45,500,2.915801,NA 
HART2_20150623_033800.wav,44100,16,300,1,acoustic_diversity,10000,-45,500,2.912473,NA 
HART2_20150623_034800.wav,44100,16,300,1,acoustic_diversity,10000,-45,500,2.918125,NA 
HART2_20150623_035800.wav,44100,16,300,1,acoustic_diversity,10000,-45,500,2.913791,NA 
HART2_20150623_040800.wav,44100,16,300,1,acoustic_diversity,10000,-45,500,2.917673,NA 
HART2_20150623_041800.wav,44100,16,300,1,acoustic_diversity,10000,-45,500,2.909973,NA 
HART2_20150623_042800.wav,44100,16,300,1,acoustic_diversity,10000,-45,500,2.906902,NA 
HART2_20150623_043800.wav,44100,16,300,1,acoustic_diversity,10000,-45,500,2.918623,NA 
HART2_20150623_044800.wav,44100,16,300,1,acoustic_diversity,10000,-45,500,2.916933,NA 
HART2_20150623_045800.wav,44100,16,300,1,acoustic_diversity,10000,-45,500,2.917421,NA 
HART2_20150623_080800.wav,44100,16,300,1,acoustic_diversity,10000,-45,500,2.918073,NA 
HART2_20150623_081800.wav,44100,16,300,1,acoustic_diversity,10000,-45,500,2.911703,NA 
HART2_20150623_082800.wav,44100,16,300,1,acoustic_diversity,10000,-45,500,2.272036,NA 
HART2_20150623_083800.wav,44100,16,300,1,acoustic_diversity,10000,-45,500,2.916826,NA 
HART2_20150623_084800.wav,44100,16,300,1,acoustic_diversity,10000,-45,500,2.860384,NA 
HART2_20150623_091800.wav,44100,16,300,1,acoustic_diversity,10000,-45,500,2.903416,NA 
HART2_20150624_010800.wav,44100,16,300,1,acoustic_diversity,10000,-45,500,2.916426,NA 
HART2_20150624_011800.wav,44100,16,300,1,acoustic_diversity,10000,-45,500,2.91709,NA 
HART2_20150624_012800.wav,44100,16,300,1,acoustic_diversity,10000,-45,500,2.907114,NA 
HART2_20150624_013800.wav,44100,16,300,1,acoustic_diversity,10000,-45,500,2.904257,NA 
HART2_20150624_014800.wav,44100,16,300,1,acoustic_diversity,10000,-45,500,2.9149,NA 
HART2_20150624_015800.wav,44100,16,300,1,acoustic_diversity,10000,-45,500,2.910771,NA 
HART2_20150624_070800.wav,44100,16,300,1,acoustic_diversity,10000,-45,500,2.91427,NA 
HART2_20150624_110800.wav,44100,16,300,1,acoustic_diversity,10000,-45,500,2.902223,NA 
HART2_20150624_111800.wav,44100,16,300,1,acoustic_diversity,10000,-45,500,2.901478,NA 
HART2_20150624_112800.wav,44100,16,300,1,acoustic_diversity,10000,-45,500,2.878488,NA 
HART2_20150624_113800.wav,44100,16,300,1,acoustic_diversity,10000,-45,500,2.903056,NA 
HART2_20150624_114800.wav,44100,16,300,1,acoustic_diversity,10000,-45,500,2.900686,NA 
HART2_20150624_115800.wav,44100,16,300,1,acoustic_diversity,10000,-45,500,2.412179,NA 
HART2_20150624_154800.wav,44100,16,300,1,acoustic_diversity,10000,-45,500,2.819023,NA 
HART2_20150624_180800.wav,44100,16,300,1,acoustic_diversity,10000,-45,500,2.89646,NA 
HART2_20150624_181800.wav,44100,16,300,1,acoustic_diversity,10000,-45,500,2.309658,NA 
HART2_20150624_184800.wav,44100,16,300,1,acoustic_diversity,10000,-45,500,2.110124,NA 
HART2_20150624_185800.wav,44100,16,300,1,acoustic_diversity,10000,-45,500,2.713733,NA 
HART2_20150624_200800.wav,44100,16,300,1,acoustic_diversity,10000,-45,500,2.918429,NA 
HART2_20150624_201800.wav,44100,16,300,1,acoustic_diversity,10000,-45,500,2.914698,NA 
HART2_20150624_202800.wav,44100,16,300,1,acoustic_diversity,10000,-45,500,2.919521,NA 
HART2_20150624_203800.wav,44100,16,300,1,acoustic_diversity,10000,-45,500,2.914259,NA 
HART2_20150624_204800.wav,44100,16,300,1,acoustic_diversity,10000,-45,500,2.917516,NA
